{"du_du": 1.0, "du_ee": 0.7784538124797458, "du_en": 0.8379143492153626, "du_fi": 0.6822422923379534, "du_ge": 0.9152086306448588, "du_gr": 0.7351201306083943, "du_he": 0.6637977485502584, "du_it": 0.779483762953957, "du_no": 0.8709296863229078, "du_ru": 0.814277360023978, "du_sp": 0.7369058983549414, "du_tr": 0.4618802153517006, "ee_du": 0.7784538124797458, "ee_ee": 1.0, "ee_en": 0.7749554093238794, "ee_fi": 0.8446530265013353, "ee_ge": 0.7905987927725463, "ee_gr": 0.7664157164768481, "ee_he": 0.692056992956813, "ee_it": 0.758490133796958, "ee_no": 0.8654441396047278, "ee_ru": 0.8489428330267074, "ee_sp": 0.7408390256229352, "ee_tr": 0.5266881072502403, "en_du": 0.8379143492153626, "en_ee": 0.7749554093238794, "en_en": 1.0, "en_fi": 0.6771181577722533, "en_ge": 0.8216426187247179, "en_gr": 0.7322752898886784, "en_he": 0.6474396359443719, "en_it": 0.7505849981389494, "en_no": 0.8551927515557801, "en_ru": 0.7833891945495459, "en_sp": 0.7335942132182608, "en_tr": 0.4242741585859733, "fi_du": 0.6822422923379534, "fi_ee": 0.8446530265013353, "fi_en": 0.6771181577722533, "fi_fi": 1.0, "fi_ge": 0.6968683416725756, "fi_gr": 0.7160854601738275, "fi_he": 0.6542061905473271, "fi_it": 0.6647459865974019, "fi_no": 0.7688429804709987, "fi_ru": 0.809173593712687, "fi_sp": 0.673323708925492, "fi_tr": 0.569298145779414, "ge_du": 0.9152086306448588, "ge_ee": 0.7905987927725463, "ge_en": 0.8216426187247179, "ge_fi": 0.6968683416725756, "ge_ge": 1.0, "ge_gr": 0.7457013045372174, "ge_he": 0.6631885135652508, "ge_it": 0.7643467149674922, "ge_no": 0.8807048459279792, "ge_ru": 0.8255312419901694, "ge_sp": 0.7225956837295129, "ge_tr": 0.4812177395114532, "gr_du": 0.7351201306083943, "gr_ee": 0.7664157164768481, "gr_en": 0.7322752898886784, "gr_fi": 0.7160854601738275, "gr_ge": 0.7457013045372174, "gr_gr": 1.0, "gr_he": 0.7024307295648411, "gr_it": 0.8027138656452439, "gr_no": 0.7761505257063329, "gr_ru": 0.8133989796969978, "gr_sp": 0.8005630939578038, "gr_tr": 0.5076597024523178, "he_du": 0.6637977485502584, "he_ee": 0.692056992956813, "he_en": 0.6474396359443719, "he_fi": 0.6542061905473271, "he_ge": 0.6631885135652508, "he_gr": 0.7024307295648411, "he_he": 1.0, "he_it": 0.7077909169589285, "he_no": 0.7030512397767562, "he_ru": 0.7130240959073808, "he_sp": 0.6922025606906824, "he_tr": 0.4338609156373123, "it_du": 0.779483762953957, "it_ee": 0.758490133796958, "it_en": 0.7505849981389494, "it_fi": 0.6647459865974019, "it_ge": 0.7643467149674922, "it_gr": 0.8027138656452439, "it_he": 0.7077909169589285, "it_it": 1.0, "it_no": 0.7690387080365391, "it_ru": 0.7933949758496305, "it_sp": 0.8975096603010561, "it_tr": 0.4781623578935601, "no_du": 0.8709296863229078, "no_ee": 0.8654441396047278, "no_en": 0.8551927515557801, "no_fi": 0.7688429804709987, "no_ge": 0.8807048459279792, "no_gr": 0.7761505257063329, "no_he": 0.7030512397767562, "no_it": 0.7690387080365391, "no_no": 1.0, "no_ru": 0.8592401589739919, "no_sp": 0.752101433090355, "no_tr": 0.4861359120657514, "ru_du": 0.814277360023978, "ru_ee": 0.8489428330267074, "ru_en": 0.7833891945495459, "ru_fi": 0.809173593712687, "ru_ge": 0.8255312419901694, "ru_gr": 0.8133989796969978, "ru_he": 0.7130240959073808, "ru_it": 0.7933949758496305, "ru_no": 0.8592401589739919, "ru_ru": 1.0, "ru_sp": 0.7763909655285538, "ru_tr": 0.5079721589671172, "sp_du": 0.7369058983549414, "sp_ee": 0.7408390256229352, "sp_en": 0.7335942132182608, "sp_fi": 0.673323708925492, "sp_ge": 0.7225956837295129, "sp_gr": 0.8005630939578038, "sp_he": 0.6922025606906824, "sp_it": 0.8975096603010561, "sp_no": 0.752101433090355, "sp_ru": 0.7763909655285538, "sp_sp": 1.0, "sp_tr": 0.4415972337810971, "tr_du": 0.4618802153517006, "tr_ee": 0.5266881072502403, "tr_en": 0.4242741585859733, "tr_fi": 0.569298145779414, "tr_ge": 0.4812177395114532, "tr_gr": 0.5076597024523178, "tr_he": 0.4338609156373123, "tr_it": 0.4781623578935601, "tr_no": 0.4861359120657514, "tr_ru": 0.5079721589671172, "tr_sp": 0.4415972337810971, "tr_tr": 1.0}