{"du_du": 0.051728463762166096, "du_ee": 0.08754263104144665, "du_en": 0.07598770765025391, "du_fi": 0.0896173649041813, "du_ge": 0.06395681025432291, "du_gr": 0.07484295253800077, "du_he": 0.06134004678826928, "du_it": 0.07710918009210563, "du_no": 0.06599897621293797, "du_ru": 0.0720980231741208, "du_sp": 0.05956410010626119, "du_tr": 0.041656690970028665, "ee_du": 0.08754263104144665, "ee_ee": 0.123247342436857, "ee_en": 0.10216393187670791, "ee_fi": 0.12884663349062286, "ee_ge": 0.09535273564814009, "ee_gr": 0.11703397848926485, "ee_he": 0.0839501985198207, "ee_it": 0.10982223137174885, "ee_no": 0.09387608405159707, "ee_ru": 0.10081141963818926, "ee_sp": 0.09033132503821747, "ee_tr": 0.06096774425653693, "en_du": 0.07598770765025391, "en_ee": 0.10216393187670791, "en_en": 0.08954757560534785, "en_fi": 0.1082526947330617, "en_ge": 0.08226470184235343, "en_gr": 0.10060034404070338, "en_he": 0.07059225644159378, "en_it": 0.09390094448372971, "en_no": 0.0788502671352139, "en_ru": 0.08453990047614841, "en_sp": 0.07707719404501907, "en_tr": 0.05118606949851221, "fi_du": 0.0896173649041813, "fi_ee": 0.12884663349062286, "fi_en": 0.1082526947330617, "fi_fi": 0.1357720405032648, "fi_ge": 0.09679289497169255, "fi_gr": 0.12340076897707491, "fi_he": 0.0873354367515905, "fi_it": 0.1148961826888974, "fi_no": 0.09982008644112741, "fi_ru": 0.10730722823367345, "fi_sp": 0.09356765114580229, "fi_tr": 0.06499609935891985, "ge_du": 0.06395681025432291, "ge_ee": 0.09535273564814009, "ge_en": 0.08226470184235343, "ge_fi": 0.09679289497169255, "ge_ge": 0.0889032035318588, "ge_gr": 0.08902185018308409, "ge_he": 0.07448049034066867, "ge_it": 0.09033773409959964, "ge_no": 0.07306434418283156, "ge_ru": 0.07899172294241905, "ge_sp": 0.07491109619768076, "ge_tr": 0.052181717409310276, "gr_du": 0.07484295253800077, "gr_ee": 0.11703397848926485, "gr_en": 0.10060034404070338, "gr_fi": 0.12340076897707491, "gr_ge": 0.08902185018308409, "gr_gr": 0.11276787777910817, "gr_he": 0.08393456682150689, "gr_it": 0.1072177425877812, "gr_no": 0.09430486211361905, "gr_ru": 0.10146085335635069, "gr_sp": 0.0858037319551883, "gr_tr": 0.06506300443599294, "he_du": 0.06134004678826928, "he_ee": 0.0839501985198207, "he_en": 0.07059225644159378, "he_fi": 0.0873354367515905, "he_ge": 0.07448049034066867, "he_gr": 0.08393456682150689, "he_he": 0.06270074339568742, "he_it": 0.07932883447826783, "he_no": 0.06566885323526539, "he_ru": 0.07018156225305344, "he_sp": 0.06701878798281864, "he_tr": 0.04679693831647689, "it_du": 0.07710918009210563, "it_ee": 0.10982223137174885, "it_en": 0.09390094448372971, "it_fi": 0.1148961826888974, "it_ge": 0.09033773409959964, "it_gr": 0.1072177425877812, "it_he": 0.07932883447826783, "it_it": 0.10113711108957872, "it_no": 0.08631422320722755, "it_ru": 0.09217312379640231, "it_sp": 0.0840944050957896, "it_tr": 0.05954912980933777, "no_du": 0.06599897621293797, "no_ee": 0.09387608405159707, "no_en": 0.0788502671352139, "no_fi": 0.09982008644112741, "no_ge": 0.07306434418283156, "no_gr": 0.09430486211361905, "no_he": 0.06566885323526539, "no_it": 0.08631422320722755, "no_no": 0.07495761110473728, "no_ru": 0.08040752873765548, "no_sp": 0.0707001497347814, "no_tr": 0.05132539176440463, "ru_du": 0.0720980231741208, "ru_ee": 0.10081141963818926, "ru_en": 0.08453990047614841, "ru_fi": 0.10730722823367345, "ru_ge": 0.07899172294241905, "ru_gr": 0.10146085335635069, "ru_he": 0.07018156225305344, "ru_it": 0.09217312379640231, "ru_no": 0.08040752873765548, "ru_ru": 0.08578019418897478, "ru_sp": 0.07627247260112165, "ru_tr": 0.0549371217869527, "sp_du": 0.05956410010626119, "sp_ee": 0.09033132503821747, "sp_en": 0.07707719404501907, "sp_fi": 0.09356765114580229, "sp_ge": 0.07491109619768076, "sp_gr": 0.0858037319551883, "sp_he": 0.06701878798281864, "sp_it": 0.0840944050957896, "sp_no": 0.0707001497347814, "sp_ru": 0.07627247260112165, "sp_sp": 0.06825438743048041, "sp_tr": 0.0491003175568124, "tr_du": 0.041656690970028665, "tr_ee": 0.06096774425653693, "tr_en": 0.05118606949851221, "tr_fi": 0.06499609935891985, "tr_ge": 0.052181717409310276, "tr_gr": 0.06506300443599294, "tr_he": 0.04679693831647689, "tr_it": 0.05954912980933777, "tr_no": 0.05132539176440463, "tr_ru": 0.0549371217869527, "tr_sp": 0.0491003175568124, "tr_tr": 0.03962362468411393}